"YEAR","StatePriv_Open_Central","StatePriv_Open_West","StatePriv_Open_East","StatePriv_Closed_Central","StatePriv_Closed_West","StatePriv_Closed_East"
2013,870271.845263704,92160.1761977393,0,1716142.0488648,2297.52524636066,0
2014,332383.496565186,48109.180066,0,1595453.00303971,0,0
2015,351058.028122522,47222.754895,0,905458.033224878,0,0
2016,633780.437657615,7580.51680653,15041.1339604447,1238842.74259139,0,12252.2414605553
2017,2727021.58301765,29397.4180148,61761.1437267478,5539612.77341435,0,198965.669498252
2018,1052638.48666423,34941.23167552,123726.656308302,3972805.73690577,0,523312.821419098
2019,1186892.91244793,77455.89887,61010.4268847594,4577791.52477867,0,334141.354835241
